{"1": [[0.5722747692998289, 0.5364830903421547, 0.49169617175747105, 0.47934913583422456, 0.5474848510377051], [0.21896644991670455, 0.4032208225620867, 0.5549517410213947, 0.509867628018315, 0.3457473442206518]], "4": [[0.6913417634194146, 0.636154141647505, 0.5995908573310114, 0.5396795979014828, 0.6531662439170618], [0.2850077973748849, 0.46485918375590474, 0.7283249056654921, 0.7150343182027132, 0.3389931540648524]], "10": [[0.5661297393076431, 0.42102909376668274, -0.07526966461738582, 0.2961278583157111, 0.5921056872926092], [0.30545724226735116, 0.5429103374551612, 0.38867593933994815, 0.5570855415962721, 0.2771086309066757]], "13": [[0.43691557927056146, -0.049005264332287135, -0.7552309870103342, 0.18141115144653697, 0.45751222760306676], [0.2755649670364091, 0.44957807233941627, -0.7503508738108529, 0.457870535785432, -0.2523659616924079]], "16": [[0.3670102645959772, -0.25030287253614203, -1.1118735891194311, 0.033862337632674655, 0.26591097497755767], [0.2275521362563705, 0.4178756115919877, -1.4656624585780338, 0.1111567201695548, -0.40620107369525704]], "19": [[0.3633316153500433, -0.5093221293042978, -1.5203517872700418, -0.19860121864033298, -0.00802734630961277], [0.12367978725070816, 0.3690090135815206, -1.5568119718112414, -0.04644554775665655, -0.4668405398110249]]}