{"1": [[0.028056054194056324, 0.022464364496023403, 0.025713046060067413, 0.02425037742375813, 0.022023077848863037], [-0.029436977986706303, -0.011886737209169551, -0.036329296187538995, -0.016840864118935928, -0.013322568545475866]], "4": [[0.12486568485252136, 0.12810876220253287, 0.12116520224044225, 0.11196654552880236, 0.1265217082822807], [-0.06284177960832316, -0.044488967864890316, -0.10179538472058947, -0.056565274368860274, -0.0492414347323169]], "7": [[0.22318410930769372, 0.21625596353999255, 0.2218590744372586, 0.19050843877737822, 0.21206224291020281], [-0.10649366022045359, -0.09812388728317245, -0.16007734050502664, -0.09625973320558456, -0.0705701129888221]], "10": [[0.3089507416212476, 0.29830398399480973, 0.3088496491992446, 0.28165696487833736, 0.29106713710604415], [-0.15635950360305517, -0.1336324883474962, -0.16725848080014805, -0.10145163806865831, -0.09795328098788247]], "13": [[0.3815290911495276, 0.3801743170958194, 0.38299768113168176, 0.356281274797847, 0.37331370496430494], [-0.1903621480003801, -0.18296380217189734, -0.2107334167555832, -0.13278602307685183, -0.11772842709327391]], "16": [[0.45519002407739717, 0.4448552487458439, 0.4610749660889085, 0.4444541468386727, 0.45858929122632774], [-0.22389072116307607, -0.20393386797399882, -0.22729875886023398, -0.15200689130791445, -0.1242620161165513]], "19": [[0.5279460932747926, 0.5148715678468629, 0.5310279350899945, 0.5049690644655567, 0.5022033612067454], [-0.23975331057813265, -0.28155946592584113, -0.255530144811438, -0.21037354499880356, -0.16078945463702166]]}