{"0.01": [[0.02808119565735423, 0.0224723928604188, 0.025820879305756828, 0.024262937697669074, 0.02203315392166072], [-0.029545241863599303, -0.011882211237491891, -0.036482746869280325, -0.016864467631733993, -0.013425750439317818]], "0.03": [[0.02800403809038421, 0.022484780875084542, 0.025665074578373526, 0.024278808105647864, 0.022093346412522807], [-0.029090608107669613, -0.011899345379757564, -0.03634774958467135, -0.017019108721075593, -0.013446122218490064]], "0.05": [[0.028075435896193657, 0.022296019971400183, 0.025800855566013192, 0.0243929160156805, 0.022059271099941546], [-0.0293447327140941, -0.012140800943905905, -0.03571880305743802, -0.01716236920961478, -0.01324946106101188]], "0.07": [[0.027987340879760625, 0.022442394910833774, 0.025650966206563597, 0.024249867554022364, 0.022081121159279515], [-0.029613905035972055, -0.011761284842318753, -0.03525225079082994, -0.017113546375717048, -0.01300981255813749]], "0.09": [[0.027956829331921118, 0.022348835654161014, 0.025502114009451238, 0.024407732259639436, 0.022013199849967302], [-0.028854223520850653, -0.011665986186600419, -0.03610599990546137, -0.016689115077925365, -0.01500728624070935]], "0.11": [[0.028306593062525143, 0.022635907282452128, 0.02567947531272885, 0.024467098522029884, 0.021885398311508597], [-0.029606993118613145, -0.01142632399994592, -0.03538951374331134, -0.016208065762948864, -0.013629419960343725]], "0.13": [[0.028415333288816735, 0.022721657114124327, 0.025949378285687663, 0.02464791624173923, 0.02257141129254514], [-0.02877833582959033, -0.010593424198733326, -0.03546860094288107, -0.016838127475618858, -0.013613317119463897]], "0.15": [[0.02802412352280903, 0.02249486402108003, 0.025214413828368643, 0.024375547401887743, 0.021263937424312207], [-0.03038870810374239, -0.013122588414697711, -0.033711466333179674, -0.01663270431210684, -0.012452696252800655]], "0.17": [[0.027775319532371667, 0.022721296864612328, 0.025883220824274078, 0.024269597163844137, 0.02185375805926182], [-0.02822730145171093, -0.011908122516923747, -0.03529742935868363, -0.016398906915557232, -0.013023630953259646]], "0.19": [[0.02881621796994649, 0.022571217402101995, 0.026069710653413236, 0.024871236507488348, 0.02257726338761179], [-0.030062091037805994, -0.010978066571271317, -0.03700021696809297, -0.017010716454221253, -0.011342818088686313]], "0.21": [[0.027276265964948476, 0.022261891598181593, 0.024974037246050518, 0.0239597561551671, 0.021344435956543117], [-0.02779797614461632, -0.011029662932254825, -0.03584993721411056, -0.016233380612213244, -0.014881551009733096]], "0.23": [[0.02739492151413525, 0.021714180916784454, 0.025004195986758404, 0.023882657049524858, 0.02140327220821403], [-0.029688398929420767, -0.013967723122010778, -0.038468439472281624, -0.016241365020839504, -0.013059991404043902]], "0.25": [[0.028476588896949484, 0.02215793468872229, 0.02649332888096867, 0.023876186791365273, 0.022251779461312293], [-0.028626398643259554, -0.011046301236316447, -0.03857620341613077, -0.01625342087415005, -0.013299067645411222]], "0.27": [[0.02710659358157963, 0.02224335890517104, 0.02534041602886461, 0.023947128591908173, 0.021759412240147213], [-0.02673979158482065, -0.011502628042552088, -0.031131300414685592, -0.017469769077673503, -0.017353984075128004]], "0.29": [[0.027576432936646134, 0.022742972446888943, 0.025334869930297543, 0.024517069323958474, 0.02184997575988179], [-0.028306710434544913, -0.01145819229479872, -0.036443376543881634, -0.01944800366820343, -0.014784357736344678]], "0.31": [[0.027476343682741655, 0.022394181735883367, 0.024909856481453718, 0.022964680362260292, 0.020731490303881106], [-0.030329278443496088, -0.014068896603802283, -0.03603758098478793, -0.013473436435290864, -0.013678116997192902]], "0.33": [[0.028973658293214855, 0.02308613554715, 0.025513838796140553, 0.024944812906032898, 0.022218088417197523], [-0.031206528979046855, -0.010948125293385402, -0.02997213248954478, -0.01683704426014221, -0.011917501045384471]]}